elapsed_s,gpu_util_pct,gpu_mem_used_mib,gpu_mem_total_mib,cpu_busy_pct
1.00,0,15381,46068,5.9
2.03,58,15381,46068,6.3
3.09,98,15381,46068,7.2
4.12,98,15381,46068,5.9
5.18,99,15381,46068,7.9
6.21,98,15381,46068,6.7
7.24,43,15381,46068,7.3
8.27,98,15381,46068,6.8
9.30,99,15381,46068,7.6
10.33,67,15381,46068,6.9
11.36,67,15381,46068,7.4
12.43,99,15381,46068,7.1
13.46,62,15381,46068,7.6
14.49,100,15381,46068,7.5
15.52,63,15381,46068,7.5
16.62,61,15381,46068,8.2
17.67,68,15381,46068,7.5
18.70,27,15381,46068,6.5
19.73,26,15381,46068,7.1
20.76,98,15381,46068,6.7
21.79,48,15381,46068,7.4
22.85,0,15381,46068,6.3
23.88,46,15381,46068,7.2
24.91,0,15381,46068,6.5
25.93,56,15381,46068,8.1
26.96,0,15381,46068,5.9
28.02,98,15381,46068,7.5
29.05,0,15381,46068,7.2
30.08,30,15381,46068,6.1
31.11,0,15381,46068,7.2
32.14,0,15381,46068,4.9
