trialId,variant,runKind,offeredRps,successes,failures,windowThroughputRps,drainThroughputRps,p50Ms,p95Ms,p99Ms,drainMs
"r3-p1-v0","baseline-A","open-loop",3,270,0,2.4555555555555557,2.47120001647578,10588.175590000006,26164.386734,"",19258.65903200001
"r3-p1-v1","pruned-128","open-loop",3,270,0,2.811111111111111,2.818117915275339,2860.2912880000003,6072.4856169999985,"",5808.624094999992
"r3-p2-v1","pruned-128","open-loop",3,270,0,2.7666666666666666,2.7989130285495976,4963.529139000006,9565.704464999995,"",6466.01993200001
"r3-p2-v0","baseline-A","open-loop",3,270,0,2.433333333333333,2.457648041333892,9574.222425,22827.755001000012,"",19861.133677000005
"r3-p3-v0","baseline-A","open-loop",3,270,0,2.488888888888889,2.465288024927531,8414.718864000002,23198.663194000008,"",19520.671528000006
"r3-p3-v1","pruned-128","open-loop",3,270,0,2.8333333333333335,2.8222878701976586,3426.011150999999,7936.232063000003,"",5667.066017999998
"r3-p4-v1","pruned-128","open-loop",3,270,0,2.8555555555555556,2.831328394104495,3924.8156559999916,5694.339243000009,"",5361.597956000012
"r3-p4-v0","baseline-A","open-loop",3,270,0,2.488888888888889,2.4544975979115984,9825.644128,23648.514385999995,"",20002.144728
"r3-p5-v0","baseline-A","open-loop",3,270,0,2.388888888888889,2.40951101870188,10637.035287000006,23325.029744000007,"",22055.930811000013
"r3-p5-v1","pruned-128","open-loop",3,270,0,2.7222222222222223,2.757886126833223,5240.445993000001,9485.81076,"",7901.069000999996
"r1-p1-v0","baseline-A","open-loop",1,270,0,1,1,531.9014550000138,910.951380999999,"",0
"r1-p1-v1","pruned-128","open-loop",1,270,0,1,1,467.7275629999931,882.0193600000057,"",0
"r1-p2-v1","pruned-128","open-loop",1,270,0,1,1,478.94771800001035,897.8474920000008,"",0
"r1-p2-v0","baseline-A","open-loop",1,270,0,1,1,522.8657390000008,894.3940679999941,"",0
"r1-p3-v0","baseline-A","open-loop",1,270,0,1,1,528.0108469999977,899.1889079999964,"",0
"r1-p3-v1","pruned-128","open-loop",1,270,0,1,1,480.43316600000253,876.277184999999,"",0
"r1-p4-v1","pruned-128","open-loop",1,270,0,1,1,467.4467430000077,1006.0037250000023,"",0
"r1-p4-v0","baseline-A","open-loop",1,270,0,1,1,521.4995389999822,896.0732580000185,"",0
"r1-p5-v0","baseline-A","open-loop",1,270,0,1,1,524.2253589999746,897.3640200000009,"",0
"r1-p5-v1","pruned-128","open-loop",1,270,0,1,1,472.0821049999995,933.4595780000091,"",0
