order_index,n_tokens,ratio,repeat_idx,question_count,total_wall_s,model_load_s,generation_s
0,64,0.5,1,4241,810.7707490150351,37.548910909099504,764.9394782020245
1,576,0.5,1,4241,957.7828083238564,37.47563849296421,916.7250557800289
2,128,0.5,0,4241,819.4104704759084,27.48722103983164,788.4349280111492
0,64,0.5,1,1,9.378718894906342,5.457835415843874,0.5168477189727128
1,576,0.5,1,1,9.646143991034478,5.720879384083673,0.5267265939619392
2,128,0.5,0,1,9.533184866886586,5.4164219200611115,0.527905581984669
3,576,0.5,2,1,8.848784144967794,5.097478772047907,0.4183845759835094
4,576,0.5,0,1,10.285276770126075,6.174765462987125,0.6125906191300601
5,64,0.5,0,1,9.655994697939605,5.880284223007038,0.5289534740149975
6,288,0.5,0,1,9.063803643919528,4.903107531834394,0.6371220571454614
7,144,0.5,0,1,10.283028406091034,6.311014096951112,0.33559285290539265
